train_count,model,image_auroc,pixel_auroc,image_f1,latency_ms,fps,gpu_mem_mb,fit_time_s,seed,ckpt_path,notes
100,padim,0.7836,0.9734,0.8199,7.34,136.25,433.1,18.6,42,D:\JungPra\pythonpra\SRC\anomaly_benchmark\checkpoints\padim_100.ckpt,"backbone=resnet18;layers=['layer1', 'layer2', 'layer3'];image_size=256x256;auroc_diff=5.3e-08"
100,patchcore,1.0,0.988,0.9928,17.489,57.18,475.9,24.2,42,D:\JungPra\pythonpra\SRC\anomaly_benchmark\checkpoints\patchcore_100.ckpt,"backbone=wide_resnet50_2;layers=['layer2', 'layer3'];coreset_sampling_ratio=0.1;num_neighbors=9;image_size=256x256;auroc_diff=0.0e+00"
100,efficientad,0.9339,0.9689,0.8933,9.723,102.85,340.9,19450.1,42,D:\JungPra\pythonpra\SRC\anomaly_benchmark\checkpoints\efficientad_100.ckpt,model_size=small;max_steps=70000;image_size=256x256;auroc_diff=2.2e-08
200,padim,0.7236,0.9718,0.8166,7.888,126.78,433.1,25.1,42,D:\JungPra\pythonpra\SRC\anomaly_benchmark\checkpoints\padim_200.ckpt,"backbone=resnet18;layers=['layer1', 'layer2', 'layer3'];image_size=256x256;auroc_diff=8.9e-09"
200,patchcore,1.0,0.988,0.9928,20.798,48.08,595.9,50.2,42,D:\JungPra\pythonpra\SRC\anomaly_benchmark\checkpoints\patchcore_200.ckpt,"backbone=wide_resnet50_2;layers=['layer2', 'layer3'];coreset_sampling_ratio=0.1;num_neighbors=9;image_size=256x256;auroc_diff=0.0e+00"
200,efficientad,0.9361,0.9619,0.8947,10.67,93.72,340.9,13721.6,42,D:\JungPra\pythonpra\SRC\anomaly_benchmark\checkpoints\efficientad_200.ckpt,model_size=small;max_steps=70000;image_size=256x256;auroc_diff=3.3e-08
300,padim,0.7246,0.972,0.8171,7.05,141.85,433.1,32.8,42,D:\JungPra\pythonpra\SRC\anomaly_benchmark\checkpoints\padim_300.ckpt,"backbone=resnet18;layers=['layer1', 'layer2', 'layer3'];image_size=256x256;auroc_diff=1.6e-08"
300,patchcore,1.0,0.9882,0.9928,25.549,39.14,715.9,88.6,42,D:\JungPra\pythonpra\SRC\anomaly_benchmark\checkpoints\patchcore_300.ckpt,"backbone=wide_resnet50_2;layers=['layer2', 'layer3'];coreset_sampling_ratio=0.1;num_neighbors=9;image_size=256x256;auroc_diff=0.0e+00"
300,efficientad,0.9611,0.9642,0.8263,9.94,100.61,340.9,11826.2,42,D:\JungPra\pythonpra\SRC\anomaly_benchmark\checkpoints\efficientad_300.ckpt,model_size=small;max_steps=70000;image_size=256x256;auroc_diff=5.7e-08
