file,score,label
crack/000.png,0.6884811520576477,1
crack/001.png,0.6929582953453064,1
crack/002.png,1.0,1
crack/003.png,0.6499884128570557,1
crack/004.png,0.6427891850471497,1
crack/005.png,0.6479074954986572,1
crack/006.png,0.7292323112487793,1
crack/007.png,0.7733325958251953,1
crack/008.png,0.6524218320846558,1
crack/009.png,0.8312234878540039,1
crack/010.png,0.6044728755950928,1
crack/011.png,0.6889636516571045,1
crack/012.png,0.553154468536377,1
crack/013.png,0.5466493964195251,1
crack/014.png,0.8758029341697693,1
crack/015.png,0.7708572149276733,1
crack/016.png,0.5096520185470581,1
crack/017.png,0.8026942014694214,1
cut/000.png,0.7054365277290344,1
cut/001.png,0.557145893573761,1
cut/002.png,0.5841836929321289,1
cut/003.png,0.8599216341972351,1
cut/004.png,0.8044654130935669,1
cut/005.png,1.0,1
cut/006.png,0.7860599756240845,1
cut/007.png,1.0,1
cut/008.png,0.6682875752449036,1
cut/009.png,0.5240136384963989,1
cut/010.png,0.7742873430252075,1
cut/011.png,0.696933388710022,1
cut/012.png,0.8904141187667847,1
cut/013.png,0.5617753863334656,1
cut/014.png,0.5430379509925842,1
cut/015.png,0.5871573686599731,1
cut/016.png,0.7404106855392456,1
good/000.png,0.7693329453468323,0
good/001.png,0.9033721089363098,0
good/002.png,1.0,0
good/003.png,0.5727903842926025,0
good/004.png,0.6542283892631531,0
good/005.png,0.6327597498893738,0
good/006.png,0.41153255105018616,0
good/007.png,0.6239129900932312,0
good/008.png,0.5649016499519348,0
good/009.png,0.5674692988395691,0
good/010.png,0.6483932733535767,0
good/011.png,0.9743624925613403,0
good/012.png,0.5624298453330994,0
good/013.png,0.6120426654815674,0
good/014.png,0.5790280103683472,0
good/015.png,0.5787203311920166,0
good/016.png,0.46306368708610535,0
good/017.png,0.6414040923118591,0
good/018.png,0.7883331775665283,0
good/019.png,0.5433902740478516,0
good/020.png,0.5055230855941772,0
good/021.png,0.5386996865272522,0
good/022.png,0.6830074191093445,0
good/023.png,0.528091549873352,0
good/024.png,0.4920141398906708,0
good/025.png,0.862194836139679,0
good/026.png,0.4813876450061798,0
good/027.png,0.44772061705589294,0
good/028.png,0.5478898286819458,0
good/029.png,0.5169844627380371,0
good/030.png,0.49783992767333984,0
good/031.png,0.5183407664299011,0
good/032.png,0.5599371194839478,0
good/033.png,0.6283083558082581,0
good/034.png,0.4878178536891937,0
good/035.png,0.5528100728988647,0
good/036.png,0.46317872405052185,0
good/037.png,0.471293181180954,0
good/038.png,0.4421554505825043,0
good/039.png,0.7785278558731079,0
hole/000.png,0.7209120988845825,1
hole/001.png,0.5749232172966003,1
hole/002.png,0.6859734654426575,1
hole/003.png,0.9603602886199951,1
hole/004.png,0.67903733253479,1
hole/005.png,0.9662046432495117,1
hole/006.png,0.9295613765716553,1
hole/007.png,0.5837118625640869,1
hole/008.png,0.6945465803146362,1
hole/009.png,0.7330241799354553,1
hole/010.png,0.6294966340065002,1
hole/011.png,1.0,1
hole/012.png,0.8851000666618347,1
hole/013.png,0.8078714609146118,1
hole/014.png,0.8126044273376465,1
hole/015.png,0.6657444834709167,1
hole/016.png,0.5515133142471313,1
hole/017.png,0.749839723110199,1
print/000.png,0.6663117408752441,1
print/001.png,0.5056530833244324,1
print/002.png,0.7982815504074097,1
print/003.png,0.5,1
print/004.png,0.5575430989265442,1
print/005.png,0.5213623046875,1
print/006.png,0.8165538907051086,1
print/007.png,0.6117982864379883,1
print/008.png,0.7235161066055298,1
print/009.png,0.6746636629104614,1
print/010.png,0.740910530090332,1
print/011.png,0.6233412027359009,1
print/012.png,0.6853312253952026,1
print/013.png,0.5204645395278931,1
print/014.png,0.5101034641265869,1
print/015.png,0.5827698707580566,1
print/016.png,0.5098423361778259,1
